﻿{"cameraMode":{"drawMode":0,"name":"Shaded","section":"Shading Mode"},"sceneLighting":false,"audioPlay":false,"sceneViewState":{"showFog":true,"showMaterialUpdate":false,"showSkybox":true,"showFlares":true,"showImageEffects":true,"showParticleSystems":true},"in2DMode":false,"pivot":{"x":-13.52658462524414,"y":9.257022857666016,"z":34.763999938964847},"rotation":{"x":0.1725504994392395,"y":0.8270403146743774,"z":-0.35464826226234438,"w":0.40116703510284426},"size":64.04918670654297,"orthographic":false}