﻿{"cameraMode":{"drawMode":0,"name":"Shaded","section":"Shading Mode"},"sceneLighting":false,"audioPlay":false,"sceneViewState":{"showFog":true,"showMaterialUpdate":false,"showSkybox":true,"showFlares":true,"showImageEffects":true,"showParticleSystems":true},"in2DMode":false,"pivot":{"x":-1.440000057220459,"y":7.779999732971191,"z":9.6899995803833},"rotation":{"x":0.20534805953502656,"y":-0.6695839762687683,"z":0.2008240967988968,"w":0.6850446462631226},"size":15.280285835266114,"orthographic":false}