﻿{"cameraMode":{"drawMode":0,"name":"Shaded","section":"Shading Mode"},"sceneLighting":false,"audioPlay":false,"sceneViewState":{"showFog":true,"showMaterialUpdate":false,"showSkybox":true,"showFlares":true,"showImageEffects":true,"showParticleSystems":true},"in2DMode":false,"pivot":{"x":-33.494903564453128,"y":2.7656421661376955,"z":37.421173095703128},"rotation":{"x":0.20622381567955018,"y":-0.6541749238967896,"z":0.19046825170516969,"w":0.703025758266449},"size":89.60124969482422,"orthographic":false}