﻿{"cameraMode":{"drawMode":0,"name":"Shaded","section":"Shading Mode"},"sceneLighting":false,"audioPlay":false,"sceneViewState":{"showFog":true,"showMaterialUpdate":false,"showSkybox":false,"showFlares":true,"showImageEffects":true,"showParticleSystems":true},"in2DMode":false,"pivot":{"x":0.057520002126693729,"y":0.0,"z":0.3469100594520569},"rotation":{"x":-0.05279785022139549,"y":0.9334737062454224,"z":-0.15429462492465974,"w":-0.31942424178123476},"size":4.699558734893799,"orthographic":false}