﻿{"cameraMode":{"drawMode":0,"name":"Shaded","section":"Shading Mode"},"sceneLighting":true,"audioPlay":false,"sceneViewState":{"showFog":true,"showMaterialUpdate":false,"showSkybox":true,"showFlares":true,"showImageEffects":true,"showParticleSystems":true},"in2DMode":false,"pivot":{"x":15.252857208251954,"y":9.56781005859375,"z":17.69515609741211},"rotation":{"x":-0.2066585123538971,"y":0.7042235732078552,"z":-0.22737595438957215,"w":-0.640052855014801},"size":2.3334529399871828,"orthographic":false}