﻿{"cameraMode":{"drawMode":0,"name":"Shaded","section":"Shading Mode"},"sceneLighting":false,"audioPlay":false,"sceneViewState":{"showFog":true,"showMaterialUpdate":false,"showSkybox":false,"showFlares":true,"showImageEffects":true,"showParticleSystems":true},"in2DMode":false,"pivot":{"x":0.057520002126693729,"y":0.0,"z":0.3469100594520569},"rotation":{"x":-0.020569700747728349,"y":-0.6991522312164307,"z":0.020166052505373956,"w":-0.7144334316253662},"size":4.699558734893799,"orthographic":false}