﻿{"cameraMode":{"drawMode":0,"name":"Shaded","section":"Shading Mode"},"sceneLighting":false,"audioPlay":false,"sceneViewState":{"showFog":true,"showMaterialUpdate":false,"showSkybox":false,"showFlares":true,"showImageEffects":true,"showParticleSystems":true},"in2DMode":false,"pivot":{"x":3.4797677993774416,"y":7.9911909103393559,"z":59.170528411865237},"rotation":{"x":0.022803986445069314,"y":-0.02249956503510475,"z":0.0004383261548355222,"w":0.999525249004364},"size":9.31169319152832,"orthographic":false}