﻿{"cameraMode":{"drawMode":0,"name":"Shaded","section":"Shading Mode"},"sceneLighting":false,"audioPlay":false,"sceneViewState":{"showFog":true,"showMaterialUpdate":false,"showSkybox":true,"showFlares":true,"showImageEffects":true,"showParticleSystems":true},"in2DMode":false,"pivot":{"x":2.881735324859619,"y":8.036927223205567,"z":3.323425054550171},"rotation":{"x":0.25027209520339968,"y":-0.5980754494667053,"z":0.20408318936824799,"w":0.733569860458374},"size":9.600489616394043,"orthographic":false}