﻿{"cameraMode":{"drawMode":0,"name":"Shaded","section":"Shading Mode"},"sceneLighting":true,"audioPlay":false,"sceneViewState":{"showFog":true,"showMaterialUpdate":false,"showSkybox":true,"showFlares":true,"showImageEffects":true,"showParticleSystems":true},"in2DMode":false,"pivot":{"x":0.8748047351837158,"y":-0.125,"z":-1.6996153593063355},"rotation":{"x":-3.0908619663705397e-8,"y":0.7071068286895752,"z":-0.7071068286895752,"w":-3.0908619663705397e-8},"size":22.93868064880371,"orthographic":true}