﻿{"cameraMode":{"drawMode":0,"name":"Shaded","section":"Shading Mode"},"sceneLighting":false,"audioPlay":false,"sceneViewState":{"showFog":true,"showMaterialUpdate":false,"showSkybox":true,"showFlares":true,"showImageEffects":true,"showParticleSystems":true},"in2DMode":false,"pivot":{"x":-29.40557289123535,"y":12.23952865600586,"z":13.605552673339844},"rotation":{"x":-0.03614170104265213,"y":-0.9499752521514893,"z":0.2863849699497223,"w":-0.11973382532596588},"size":98.62887573242188,"orthographic":false}